salary_bucket,n,mean_actual,mean_pred,rmse,mae
<500,12,249.25,28520.797579877966,29463.6535316761,28271.547579877966
500-10k,58,2718.844827586207,36253.886884282685,38221.50978915504,33535.042056696475
10k-30k,73,21180.68493150685,29401.760854985947,15371.447846866398,11519.100867250027
30k-60k,137,45077.379562043796,48778.543169560064,20069.07451402766,14697.527244587334
60k-100k,74,74173.37837837837,60145.89378201046,27871.117685574427,22591.617115669895
100k-200k,21,132373.0,73034.07859046906,67195.5624813659,61627.01945294207
200k+,2,557293.0,78845.53157805998,595001.859465452,478447.46842194
