salary_bucket,n,mean_actual,mean_pred,rmse,mae
<500,12,249.25,30133.101917018725,30805.038719788594,29883.851917018725
500-10k,58,2718.844827586207,38526.08306467899,41069.305166196704,35807.23823709279
10k-30k,73,21180.68493150685,29891.188323621205,14551.410624479491,11185.52001305821
30k-60k,137,45077.379562043796,48170.10938132014,18955.155352331887,13859.156533083407
60k-100k,74,74173.37837837837,57154.257579722,27486.274305805942,23792.4334786235
100k-200k,21,132373.0,69906.4450026321,71652.17075829946,66337.56105270269
200k+,2,557293.0,79681.17169382895,596599.4227808516,477611.82830617105
