{
  "notebook": "04_svr_rbf_focused_feature_engineering_and_modeling.ipynb",
  "algorithm": "SVR with RBF kernel only",
  "fast_mode": true,
  "split_summary": [
    {
      "split": "train",
      "n": 1758,
      "mean": 51287.04607508532,
      "median": 41854.5,
      "min": 11.0,
      "max": 4773360.0,
      "lt_500": 57,
      "gt_100k": 143,
      "gt_200k": 13,
      "p01": 76.26,
      "p05": 882.5500000000001,
      "p25": 16073.5,
      "p75": 67898.0,
      "p95": 117887.44999999998,
      "p99": 178901.9000000001
    },
    {
      "split": "validation",
      "n": 377,
      "mean": 46288.106100795754,
      "median": 38113.0,
      "min": 1.0,
      "max": 384552.0,
      "lt_500": 13,
      "gt_100k": 36,
      "gt_200k": 3,
      "p01": 183.8,
      "p05": 756.2,
      "p25": 15122.0,
      "p75": 65008.0,
      "p95": 121496.39999999997,
      "p99": 169134.00000000026
    },
    {
      "split": "internal_test",
      "n": 377,
      "mean": 45797.67639257295,
      "median": 39989.0,
      "min": 25.0,
      "max": 911275.0,
      "lt_500": 11,
      "gt_100k": 23,
      "gt_200k": 2,
      "p01": 148.76,
      "p05": 809.2,
      "p25": 18590.0,
      "p75": 60052.0,
      "p95": 116545.4,
      "p99": 156503.00000000003
    }
  ],
  "n_validation_rows": 1344,
  "best_validation_candidate": {
    "feature_profile": "top5_te",
    "target_variant": "winsorized",
    "svr_params": "{\"C\": 0.5, \"epsilon\": 0.1, \"gamma\": \"scale\"}",
    "C": 0.5,
    "gamma": "scale",
    "epsilon": 0.1,
    "n_features": 184,
    "n_train_rows": 1758,
    "fit_seconds": 0.7333409786224365,
    "correction": "validation_multiplier",
    "factor": 1.085,
    "val_rmse": 36970.35409554628,
    "leaderboard_safe": false
  },
  "best_leaderboard_safe_candidate": {
    "feature_profile": "top5_te",
    "target_variant": "winsorized",
    "svr_params": "{\"C\": 0.5, \"epsilon\": 0.1, \"gamma\": \"scale\"}",
    "C": 0.5,
    "gamma": "scale",
    "epsilon": 0.1,
    "n_features": 184,
    "n_train_rows": 1758,
    "fit_seconds": 0.7333409786224365,
    "correction": "fixed_1.08",
    "factor": 1.08,
    "val_rmse": 36971.084166480556,
    "leaderboard_safe": true
  },
  "important_warning": "Validation multiplier can overfit the validation split. Compare leaderboard-safe submissions as well."
}