feature_profile,target_variant,svr_params,C,gamma,epsilon,n_features,n_train_rows,fit_seconds,correction,factor,val_rmse,leaderboard_safe,cv_rmse_mean,cv_rmse_std,cv_fold_scores,robust_score,internal_test_rmse,internal_test_mae,factor_used_internal
top5_te,raw,"{""C"": 0.5, ""epsilon"": 0.1, ""gamma"": ""scale""}",0.5,scale,0.1,184,1758,0.6061856746673584,fixed_1.08,1.08,36972.462182379386,True,96743.44616950919,88743.88607676388,"[254064.3080883638, 44599.59295063492, 47969.50243183068, 74177.68268303531, 62906.144693681206]",45846.850790055774,52761.399018461016,24561.34207660085,1.08
top5_te,winsorized,"{""C"": 0.5, ""epsilon"": 0.1, ""gamma"": ""scale""}",0.5,scale,0.1,184,1758,0.7333409786224365,fixed_1.08,1.08,36971.084166480556,True,,,,,52761.49418235065,24561.440182899474,1.08
top5_te,raw,"{""C"": 0.5, ""epsilon"": 0.1, ""gamma"": ""scale""}",0.5,scale,0.1,184,1758,0.6061856746673584,validation_multiplier,1.085,36971.82811915299,False,,,,,52765.0337700105,24595.40537863328,1.085
top5_te,winsorized,"{""C"": 0.5, ""epsilon"": 0.1, ""gamma"": ""scale""}",0.5,scale,0.1,184,1758,0.7333409786224365,validation_multiplier,1.085,36970.35409554628,False,,,,,52765.103456804354,24595.591562552985,1.085
top5_te,floor500,"{""C"": 0.5, ""epsilon"": 0.1, ""gamma"": ""scale""}",0.5,scale,0.1,184,1758,1.0852363109588623,fixed_1.08,1.08,36973.93258210169,True,96746.81868331438,88742.78354369708,"[254066.40560586946, 44616.30059688858, 47965.735667207126, 74180.14280053893, 62905.50874606786]",45848.2109364714,52765.84655788751,24559.58879764533,1.08
top5_te,winsorized,"{""C"": 0.5, ""epsilon"": 0.1, ""gamma"": ""scale""}",0.5,scale,0.1,184,1758,0.7333409786224365,fixed_1.10,1.1,36977.651457408494,True,96690.45013549693,88752.05878648885,"[254022.4154191412, 44529.521167984385, 47923.793470343764, 74175.44416455983, 62801.076455455426]",45852.85733605738,52782.16682145476,24709.46054035883,1.1
top5_te,raw,"{""C"": 0.5, ""epsilon"": 0.1, ""gamma"": ""scale""}",0.5,scale,0.1,184,1758,0.6061856746673584,fixed_1.10,1.1,36979.41802717099,True,96690.77882402942,88751.6918088435,"[254021.86137000454, 44528.38017916475, 47924.64679485124, 74177.48435486238, 62801.521421264195]",45854.587208055345,52782.17497657996,24709.114658810002,1.1
