model,val_rmse,val_mae,pred_mean,pred_median,pred_p95,pred_p99,pred_max,n_pred_gt100k,n_pred_gt150k,n_pred_gt200k
SVR_RBF_v6_params,36771.6297492922,22957.080780242202,47243.54737376849,41324.02221185911,97978.04161496216,131890.9833382331,162970.47360607696,16,1,0
KNN,42414.63623374266,27086.084369431122,31638.216695053816,28043.09186093243,64281.16828691169,81545.42170832555,105261.96843799745,1,0,0
LASSO,53628.48703725764,32766.307649815895,44618.468727640015,27433.407253202837,138717.81529432948,250135.02349458344,417991.0531991793,34,19,9
ElasticNet,55602.092047755854,33476.990025521816,45145.08222926207,27360.780903224106,134204.06376508376,263413.155215628,423990.9779638164,34,16,8
Ridge,57038.84867159471,34064.119656462666,45856.498300707615,27508.783006623315,135692.9142569304,278065.4132133472,412964.49611503875,35,16,8
