bucket,n,mean_actual,mean_pred,rmse,mae,mse_sum,mse_contribution_pct
<500,12,249.25,29619.69074184814,33259.7520180637,29370.44074184814,13274533251.637108,1.3794834829736717
500-10k,58,2718.844827586207,39389.133882821196,42078.31461975916,36670.28905523498,102693904551.88737,10.671904047092003
10k-30k,73,21180.68493150685,28393.41292360633,15749.015291464359,10753.229473410158,18106298233.506805,1.8815983114010906
30k-60k,137,45077.379562043796,48630.591666346096,21069.77998411308,15822.612105753848,60819181115.3137,6.320301754203863
60k-100k,74,74173.37837837837,62687.08311318694,23745.32432833181,19262.013776470874,41724191631.86734,4.335959095924586
100k-200k,21,132373.0,83854.2088086597,58643.61045228323,52996.12187455995,72220533984.462,7.505125180263297
200k+,2,557293.0,121105.36761575108,571596.1105832172,436187.6323842489,653444227267.723,67.90562812814149
