split,n,mean,median,min,max,lt_500,gt_100k,gt_200k,p01,p05,p25,p75,p95,p99
train,1758,51287.04607508532,41854.5,11.0,4773360.0,57,143,13,76.26,882.5500000000001,16073.5,67898.0,117887.44999999998,178901.9000000001
validation,377,46288.106100795754,38113.0,1.0,384552.0,13,36,3,183.8,756.2,15122.0,65008.0,121496.39999999997,169134.00000000026
internal_test,377,45797.67639257295,39989.0,25.0,911275.0,11,23,2,148.76,809.2,18590.0,60052.0,116545.4,156503.00000000003
